"pathway_id","pathway_name","describtion","pathway_class","p_value","p_value_adjust","all_id","all_number","mapped_id","mapped_number","mapped_percentage","class"
"hsa00564","Glycerophospholipid metabolism","NA","Metabolism; Lipid metabolism",9.56932951271485e-05,0.0182774193692854,"C00040;C00065;C00084;C00093;C00111;C00114;C00157;C00189;C00269;C00307;C00344;C00346;C00350;C00416;C00513;C00570;C00588;C00623;C00641;C00670;C00681;C01194;C01210;C01233;C01241;C01996;C02737;C03372;C03819;C03872;C03892;C03974;C04230;C04233;C04308;C04438;C04590;C04638;C05973;C05974;C05976;C05980;C06771;C06772;C13482;C18059;C18125;C18126;C18129;C18168;C18169;C20466;C20518;C22340;C22341;C22342",56,"C04230;C00114;C00350;C00157",4,7.14285714285714,"KEGG"
