"pathway_id","pathway_name","describtion","pathway_class","p_value","p_value_adjust","all_id","all_number","mapped_id","mapped_number","mapped_percentage","class"
"hsa00360","Phenylalanine metabolism","NA","Metabolism; Amino acid metabolism",2.59131574335421e-06,0.000494941306980654,"C00022;C00024;C00042;C00079;C00082;C00084;C00091;C00122;C00166;C00180;C00423;C00512;C00582;C00596;C00601;C00642;C00805;C01198;C01575;C01586;C01772;C02137;C02232;C02265;C02505;C02763;C02765;C03519;C03589;C04044;C04148;C04351;C04479;C05332;C05593;C05598;C05607;C05629;C05852;C05853;C06207;C07086;C08300;C08301;C11457;C11588;C12621;C12622;C12623;C12624;C14144;C14145;C15524;C16719;C17268;C19945;C19946;C19975;C20062",59,"C04148;C01586;C00642;C00601;C05607;C00082;C00042",7,11.864406779661,"KEGG"
