"pathway_id","pathway_name","describtion","pathway_class","p_value","p_value_adjust","all_id","all_number","mapped_id","mapped_number","mapped_percentage","class"
"hsa00970","Aminoacyl-tRNA biosynthesis","NA","Genetic Information Processing; Translation",1.08003357542098e-07,2.06286412905407e-05,"C00025;C00037;C00041;C00047;C00049;C00062;C00064;C00065;C00073;C00078;C00079;C00082;C00097;C00101;C00123;C00135;C00148;C00152;C00183;C00188;C00234;C00407;C00886;C01005;C01931;C02047;C02163;C02282;C02412;C02430;C02553;C02554;C02702;C02839;C02984;C02987;C02988;C02992;C03125;C03127;C03294;C03402;C03511;C03512;C06112;C06113;C06481;C06482;C16138;C16638;C17022;C17027",52,"C00049;C00183;C00407;C00152;C00064;C00135;C00078;C00065",8,15.3846153846154,"KEGG"
"hsa00470","D-Amino acid metabolism","NA","Metabolism; Metabolism of other amino acids",0.000120395756686849,0.011497794763594,"C00022;C00025;C00026;C00036;C00037;C00041;C00047;C00049;C00062;C00064;C00065;C00073;C00077;C00079;C00084;C00097;C00133;C00134;C00135;C00148;C00166;C00188;C00217;C00402;C00431;C00433;C00515;C00666;C00680;C00692;C00739;C00740;C00763;C00792;C00793;C00819;C00820;C00855;C00993;C01110;C01157;C01180;C01667;C01672;C01726;C02237;C02265;C02855;C03239;C03341;C03440;C03564;C03771;C03933;C03943;C04260;C04282;C04457;C05161;C05620;C05825;C05939;C05941;C05942;C06419;C22024;C22025",67,"C00993;C00049;C00064;C00135;C00065;C00740",6,8.95522388059701,"KEGG"
"SMP0000009","Ammonia Recycling","Ammonia can be rerouted from the urine and recycled into the body for use in nitrogen metabolism. Glutamate and glutamine play an important role in this process. There are many other processes that act to recycle ammonia. asparaginase recycles ammonia from asparagine. Glycine cleavage system generates ammonia from glycine. Histidine ammonia lyase forms ammonia from histidine. Serine dehydratase also produces ammonia by cleaving serine.","Metabolic;primary_pathway",0.000296349703058906,0.0290422708997727,"HMDB0000187;HMDB0000243;HMDB0000051;HMDB0001491;HMDB0000168;HMDB0002111;HMDB0000191;HMDB0000538;HMDB0000641;HMDB0000045;HMDB0000250;HMDB0000148;HMDB0000177;HMDB0000301;HMDB0001967;HMDB0001341;HMDB0002142;HMDB0001096;HMDB0001429;HMDB0000030;HMDB0000547;HMDB0000902;HMDB0000208;HMDB0001487;HMDB0001846;HMDB0013639;HMDB0012210;HMDB0001533;HMDB0001451;HMDB0001248;HMDB0000123",31,"HMDB0000191;HMDB0000168;HMDB0000641;HMDB0000177;HMDB0001429;HMDB0000187",6,19.3548387096774,"HMDB"
